{
  "agent": "kino",
  "method": "aggregate-then-deduct (monthly settlement sheet style)",
  "months": {
    "2025-01": {
      "gross": 20907500.0,
      "coupon": 1135340.0,
      "refund": 0.0,
      "point": 888390.0,
      "rank_discount": 0.0,
      "app_discount": 1176650.0,
      "extra_discount": 0.0,
      "shipping": 1296000.0,
      "total_discount": 3200380.0,
      "net_revenue": 17707120.0,
      "net_revenue_with_ship": 19003120.0,
      "cost": 7426323.3,
      "profit": 10280796.7,
      "margin_rate": 0.580602,
      "qty": 1209,
      "order_count": 537,
      "excluded_order_count": 30,
      "unmapped_count": 1,
      "no_cost_count": 17,
      "no_cost_value": 370000.0
    },
    "2025-02": {
      "gross": 14907100.0,
      "coupon": 691540.0,
      "refund": 0.0,
      "point": 1619900.0,
      "rank_discount": 0.0,
      "app_discount": 763800.0,
      "extra_discount": 0.0,
      "shipping": 774000.0,
      "total_discount": 3075240.0,
      "net_revenue": 11831860.0,
      "net_revenue_with_ship": 12605860.0,
      "cost": 4982873.5,
      "profit": 6848986.5,
      "margin_rate": 0.57886,
      "qty": 959,
      "order_count": 374,
      "excluded_order_count": 22,
      "unmapped_count": 0,
      "no_cost_count": 12,
      "no_cost_value": 362300.0
    },
    "2025-03": {
      "gross": 15715100.0,
      "coupon": 734220.0,
      "refund": 0.0,
      "point": 294495.0,
      "rank_discount": 0.0,
      "app_discount": 766990.0,
      "extra_discount": 0.0,
      "shipping": 894000.0,
      "total_discount": 1795705.0,
      "net_revenue": 13919395.0,
      "net_revenue_with_ship": 14813395.0,
      "cost": 4906064.9,
      "profit": 9013330.1,
      "margin_rate": 0.647537,
      "qty": 1184,
      "order_count": 372,
      "excluded_order_count": 23,
      "unmapped_count": 0,
      "no_cost_count": 16,
      "no_cost_value": 249800.0
    },
    "2025-04": {
      "gross": 17567800.0,
      "coupon": 969020.0,
      "refund": 0.0,
      "point": 190280.0,
      "rank_discount": 0.0,
      "app_discount": 966710.0,
      "extra_discount": 0.0,
      "shipping": 1110000.0,
      "total_discount": 2126010.0,
      "net_revenue": 15441790.0,
      "net_revenue_with_ship": 16551790.0,
      "cost": 4302104.99,
      "profit": 11139685.01,
      "margin_rate": 0.721399,
      "qty": 1306,
      "order_count": 487,
      "excluded_order_count": 26,
      "unmapped_count": 0,
      "no_cost_count": 84,
      "no_cost_value": 3367500.0
    },
    "2025-05": {
      "gross": 35793800.0,
      "coupon": 1296000.0,
      "refund": 0.0,
      "point": 1549210.0,
      "rank_discount": 0.0,
      "app_discount": 1220450.0,
      "extra_discount": 0.0,
      "shipping": 1881000.0,
      "total_discount": 4065660.0,
      "net_revenue": 31728140.0,
      "net_revenue_with_ship": 33609140.0,
      "cost": 12955082.69,
      "profit": 18773057.31,
      "margin_rate": 0.591685,
      "qty": 2488,
      "order_count": 852,
      "excluded_order_count": 47,
      "unmapped_count": 0,
      "no_cost_count": 7,
      "no_cost_value": 185300.0
    },
    "2025-06": {
      "gross": 17222000.0,
      "coupon": 667015.0,
      "refund": 0.0,
      "point": 960020.0,
      "rank_discount": 26950.0,
      "app_discount": 606050.0,
      "extra_discount": 0.0,
      "shipping": 927000.0,
      "total_discount": 2260035.0,
      "net_revenue": 14961965.0,
      "net_revenue_with_ship": 15888965.0,
      "cost": 5704036.7,
      "profit": 9257928.3,
      "margin_rate": 0.618764,
      "qty": 1143,
      "order_count": 467,
      "excluded_order_count": 18,
      "unmapped_count": 0,
      "no_cost_count": 0,
      "no_cost_value": 0.0
    },
    "2025-07": {
      "gross": 18965800.0,
      "coupon": 883215.0,
      "refund": 0.0,
      "point": 531330.0,
      "rank_discount": 1112200.0,
      "app_discount": 732980.0,
      "extra_discount": 0.0,
      "shipping": 981000.0,
      "total_discount": 3259725.0,
      "net_revenue": 15706075.0,
      "net_revenue_with_ship": 16687075.0,
      "cost": 5926348.96,
      "profit": 9779726.04,
      "margin_rate": 0.622672,
      "qty": 1348,
      "order_count": 532,
      "excluded_order_count": 15,
      "unmapped_count": 0,
      "no_cost_count": 0,
      "no_cost_value": 0.0
    },
    "2025-08": {
      "gross": 30129800.0,
      "coupon": 1176185.0,
      "refund": 0.0,
      "point": 1364670.0,
      "rank_discount": 527400.0,
      "app_discount": 1129740.0,
      "extra_discount": 0.0,
      "shipping": 1818000.0,
      "total_discount": 4197995.0,
      "net_revenue": 25931805.0,
      "net_revenue_with_ship": 27749805.0,
      "cost": 9567518.25,
      "profit": 16364286.75,
      "margin_rate": 0.631051,
      "qty": 1966,
      "order_count": 845,
      "excluded_order_count": 25,
      "unmapped_count": 0,
      "no_cost_count": 0,
      "no_cost_value": 0.0
    },
    "2025-09": {
      "gross": 24584200.0,
      "coupon": 945260.0,
      "refund": 0.0,
      "point": 1568850.0,
      "rank_discount": 23800.0,
      "app_discount": 795990.0,
      "extra_discount": 0.0,
      "shipping": 1563000.0,
      "total_discount": 3333900.0,
      "net_revenue": 21250300.0,
      "net_revenue_with_ship": 22813300.0,
      "cost": 7695588.43,
      "profit": 13554711.57,
      "margin_rate": 0.63786,
      "qty": 1431,
      "order_count": 678,
      "excluded_order_count": 16,
      "unmapped_count": 0,
      "no_cost_count": 11,
      "no_cost_value": 581700.0
    },
    "2025-10": {
      "gross": 68280000.0,
      "coupon": 1127985.0,
      "refund": 0.0,
      "point": 135310.0,
      "rank_discount": 202650.0,
      "app_discount": 1617620.0,
      "extra_discount": 17800200.0,
      "shipping": 2247000.0,
      "total_discount": 20883765.0,
      "net_revenue": 47396235.0,
      "net_revenue_with_ship": 49643235.0,
      "cost": 17274779.07,
      "profit": 30121455.93,
      "margin_rate": 0.635524,
      "qty": 3273,
      "order_count": 1231,
      "excluded_order_count": 56,
      "unmapped_count": 0,
      "no_cost_count": 127,
      "no_cost_value": 4633300.0
    },
    "2025-11": {
      "gross": 50286500.0,
      "coupon": 658880.0,
      "refund": 0.0,
      "point": 100742.0,
      "rank_discount": 25100.0,
      "app_discount": 994540.0,
      "extra_discount": 15360400.0,
      "shipping": 2028000.0,
      "total_discount": 17139662.0,
      "net_revenue": 33146838.0,
      "net_revenue_with_ship": 35174838.0,
      "cost": 11449998.9,
      "profit": 21696839.1,
      "margin_rate": 0.654567,
      "qty": 2718,
      "order_count": 960,
      "excluded_order_count": 38,
      "unmapped_count": 0,
      "no_cost_count": 143,
      "no_cost_value": 960800.0
    },
    "2025-12": {
      "gross": 37285700.0,
      "coupon": 1037450.0,
      "refund": 0.0,
      "point": 168506.0,
      "rank_discount": 167400.0,
      "app_discount": 964880.0,
      "extra_discount": 99900.0,
      "shipping": 1992000.0,
      "total_discount": 2438136.0,
      "net_revenue": 34847564.0,
      "net_revenue_with_ship": 36839564.0,
      "cost": 12447118.93,
      "profit": 22400445.07,
      "margin_rate": 0.642812,
      "qty": 2391,
      "order_count": 1030,
      "excluded_order_count": 45,
      "unmapped_count": 0,
      "no_cost_count": 82,
      "no_cost_value": 704400.0
    },
    "2026-01": {
      "gross": 48511300.0,
      "coupon": 1463053.0,
      "refund": 0.0,
      "point": 35098.0,
      "rank_discount": 69900.0,
      "app_discount": 1622530.0,
      "extra_discount": 0.0,
      "shipping": 2979000.0,
      "total_discount": 3190581.0,
      "net_revenue": 45320719.0,
      "net_revenue_with_ship": 48299719.0,
      "cost": 15050379.33,
      "profit": 30270339.67,
      "margin_rate": 0.667914,
      "qty": 2988,
      "order_count": 1372,
      "excluded_order_count": 53,
      "unmapped_count": 0,
      "no_cost_count": 101,
      "no_cost_value": 2560000.0
    },